ts,i_bat_raw,u_bat_raw,t_cells,ca_ch,ca_disch
0,0,2.0202503,31.450912,0,0
0.002458333,0.215949145,2.0321436,31.403294,0,0
0.002871667,0.360018127,2.0440445,31.403294,0,0
0.003256667,0.467244927,2.0553827,31.403294,0,0
0.003538333,0.575632618,2.0685091,31.403294,0,0
0.003991667,0.719840309,2.0889187,31.403294,0,0
0.004155,0.792320427,2.1002407,31.403294,0,0
0.00446,0.863527818,2.1122694,31.403294,0,0
0.004626667,0.935792909,2.1250553,31.403294,0,0
0.004883333,1.043140273,2.1451731,31.403294,0,0
0.005131667,1.115983636,2.1591539,31.403294,0,0
0.005446667,1.223576273,2.1812,31.403294,0,0
0.005751667,1.331724727,2.2045755,31.403294,0,0
0.00603,1.40333,2.2203598,31.403294,0,0
0.006311667,1.511619727,2.2450562,31.403294,0,0
0.006563333,1.583394182,2.2619581,31.403294,0,0
0.00671,1.655530909,2.2787418,31.403294,0,0
0.00699,1.727529,2.296051,31.403294,0,0
0.007265,1.835474545,2.3223114,31.403294,0,0
0.007523333,1.907628636,2.340126,31.403294,0,0
0.00767,1.979411727,2.3578043,31.403294,0,0
0.007975,2.051556364,2.3755522,31.403294,0,0
0.008205,2.159166364,2.402256,31.403294,0,0
0.00851,2.267502909,2.4287586,31.403294,0,0
0.008815,2.339626636,2.4460268,31.403294,0,0
0.008955,2.411551909,2.4631872,31.403294,0,0
0.009205,2.483504,2.4796038,31.403294,0,0
0.009488333,2.591315182,2.5032015,31.403294,0,0
0.009763333,2.664540909,2.518117,31.403294,0,0
0.00991,2.735812455,2.5319605,31.403294,0,0
0.01016,2.806259545,2.5450544,31.403294,0,0
0.010391667,2.880140636,2.5573254,31.403294,0,0
0.010645,2.987829545,2.5740633,31.403294,0,0
0.010898333,3.059767818,2.5843086,31.403294,0,0
0.011218333,3.167928364,2.5982981,31.403294,0.000221406,0
0.011588333,3.275703909,2.6109715,31.403294,0.000221406,0
0.011818333,3.383486455,2.6223717,31.403294,0.000221406,0
0.012231667,3.491358364,2.6329327,31.403294,0.000221406,0
0.012655,3.563930364,2.645709,31.403294,0.000221406,0
0.013603333,3.563941636,2.6566286,31.403294,0.000221406,0
0.014883333,3.563520273,2.6671124,31.403294,0.000221406,0
0.016763333,3.563917364,2.6771688,31.403294,0.000221406,0
0.019136667,3.599816273,2.6878681,31.403294,0.000221406,0
0.022363333,3.599728636,2.698103,31.403294,0.000221406,0
0.025923333,3.599236273,2.7086563,31.403294,0.000221406,0
0.029658333,3.600249727,2.718771,31.403294,0.001502401,0
0.033483333,3.599979182,2.7288609,31.434717,0.001502401,0
0.03759,3.599776364,2.7390261,31.434717,0.001502401,0
0.041775,3.600142182,2.7493916,31.434717,0.001502401,0
0.046311667,3.599196364,2.759553,31.434717,0.002609873,0
0.050936667,3.600077182,2.7697287,31.434717,0.002609873,0
0.055641667,3.599905545,2.7800045,31.434717,0.002609873,0
0.060603333,3.599898636,2.7900143,31.434717,0.002609873,0
0.065791667,3.600094545,2.8002796,31.434717,0.00388519,0
0.071323333,3.600346818,2.8106203,31.434717,0.00388519,0
0.077153333,3.600038182,2.82092,31.434717,0.00388519,0
0.082965,3.600009545,2.8309803,31.408449,0.005010557,0
0.089243333,3.599857818,2.8411856,31.408449,0.005010557,0
0.095751667,3.599979182,2.8512888,31.408449,0.005848566,0
0.102591667,3.600438727,2.861352,31.408449,0.005848566,0
0.109711667,3.600047727,2.8714437,31.408449,0.005848566,0
0.117155,3.600031273,2.881628,31.408449,0.007200136,0
0.124858333,3.600459545,2.8917351,31.408449,0.007200136,0
0.12486,3.600459545,2.8917351,31.401596,0.007200136,0
0.133031667,3.599994818,2.9018335,31.401596,0.00828722,0
0.141365,3.600153455,2.9119196,31.401596,0.00828722,0
0.1501,3.599959273,2.9219542,31.401596,0.009457554,0
0.15918,3.600103182,2.9320774,31.401596,0.009457554,0
0.168683333,3.599863909,2.9421368,31.401596,0.010685029,0
0.17854,3.599832727,2.9522247,31.346167,0.011334698,0
0.188715,3.599940182,2.9622984,31.346167,0.011334698,0
0.199273333,3.600119636,2.9723043,31.346167,0.012651073,0
0.210326667,3.599022909,2.9823952,31.346167,0.012651073,0
0.22217,3.600144818,2.9924078,31.353212,0.014221547,0
0.234116667,3.600158727,3.0025406,31.353212,0.014986688,0
0.246715,3.600325182,3.0126591,31.353212,0.015823565,0
0.259863333,3.600057273,3.022686,31.353212,0.015823565,0
0.273381667,3.600040818,3.0328016,31.353212,0.017573077,0
0.273383333,3.600040818,3.0328016,31.297974,0.017573077,0
0.287731667,3.600160455,3.0428047,31.297974,0.018513691,0
0.30261,3.600111,3.0529289,31.297974,0.019504864,0
0.31825,3.599936727,3.0630302,31.293787,0.020537786,0
0.334503333,3.599911636,3.0732422,31.293787,0.02161227,0
0.351678333,3.599897727,3.083353,31.293787,0.022737969,0
0.369415,3.600218545,3.0934801,31.293787,0.023908269,0
0.369416667,3.600218545,3.0934801,31.25263,0.023908269,0
0.388025,3.599804091,3.1035023,31.25263,0.025168445,0
0.407233333,3.600007818,3.1135225,31.25263,0.026425308,0
0.427346667,3.600111,3.1235619,31.277802,0.027717035,0
0.448293333,3.599839636,3.1335716,31.277802,0.02913828,0
0.4704,3.600260091,3.143671,31.277802,0.030586876,0
0.470401667,3.600260091,3.143671,31.22541,0.030586876,0
0.493598333,3.600037273,3.1536932,31.22541,0.032112814,0
0.517816667,3.600178636,3.1637611,31.22541,0.033723354,0
0.517818333,3.600178636,3.1637611,31.145763,0.033723354,0
0.542828333,3.599519727,3.1737852,31.145763,0.035364483,0
0.569483333,3.599791091,3.1838169,31.145763,0.037068598,0
0.569485,3.599791091,3.1838169,31.176071,0.037068598,0
0.597391667,3.600258364,3.1939287,31.176071,0.03895162,0
0.62684,3.600189,3.2040586,31.176071,0.040933304,0
0.626841667,3.600189,3.2040586,31.164051,0.040933304,0
0.657151667,3.600520182,3.2140694,31.111649,0.042924803,0
0.689498333,3.599127,3.224082,31.111649,0.045015849,0
0.723073333,3.599822273,3.2341251,31.090307,0.047267783,0
0.7581,3.600021727,3.2441406,31.062105,0.04956089,0
0.795471667,3.600834909,3.2541828,31.042875,0.052048348,0
0.83453,3.600494182,3.2642088,31.065157,0.054618657,0
0.875745,3.600155182,3.2742662,31.065157,0.057340194,0
0.919636667,3.599583,3.2843237,31.022665,0.060254999,0
0.966093333,3.599983545,3.2944536,31.044983,0.06329716,0
1.015786667,3.600104909,3.3045101,30.993513,0.066597968,0
1.07098,3.599864818,3.3145466,31.003809,0.070230722,0
1.136043333,3.600166455,3.3245506,31.003809,0.074540198,0
1.136045,3.600166455,3.3245506,30.94396,0.074540198,0
1.219473333,3.599980091,3.3343096,30.94396,0.080016628,0
1.219475,3.599980091,3.3343096,30.948332,0.080016628,0
1.302836667,3.599949727,3.3414135,30.878588,0.085543007,0
1.38625,3.600019091,3.3466625,30.941471,0.090928666,0
1.469625,3.599929818,3.3510208,30.93955,0.096532665,0
1.553028333,3.600118818,3.3548164,30.93955,0.10203478,0
1.55303,3.600118818,3.3548164,30.900883,0.10203478,0
1.636368333,3.600079818,3.3582544,30.914204,0.10753735,0
1.719791667,3.599827545,3.3614216,30.910013,0.11305685,0
1.803206667,3.600035545,3.3644457,30.910013,0.11855156,0
1.803208333,3.600035545,3.3644457,30.924122,0.11855156,0
1.88661,3.599974909,3.367712,30.913857,0.12404821,0
1.970011667,3.599978364,3.3707457,30.933098,0.12952378,0
2.053498333,3.599693091,3.3738871,30.972544,0.13503173,0
2.136881667,3.600014818,3.376792,30.977327,0.14058471,0
2.22035,3.600351182,3.3797464,30.955009,0.14607258,0
2.3037,3.600481182,3.3826151,30.955009,0.15158938,0
2.303701667,3.600481182,3.3826151,30.997509,0.15158938,0
2.387141667,3.599969727,3.3854542,31.00456,0.15709656,0
2.470596667,3.599511091,3.3881998,31.008373,0.16260716,0
2.554038333,3.599617727,3.3908958,30.985327,0.16811815,0
2.637535,3.600302636,3.3933764,31.022472,0.17361189,0
2.720883333,3.600111909,3.3960905,30.982088,0.17911565,0
2.80435,3.600127455,3.3985815,30.982088,0.18462725,0
2.804351667,3.600127455,3.3985815,31.045742,0.18462725,0
2.887793333,3.600021727,3.4010324,31.055056,0.19013435,0
2.971188333,3.600125727,3.4035625,31.080236,0.19562317,0
3.054596667,3.599861364,3.4057693,31.080236,0.20114356,0
3.054598333,3.599861364,3.4057693,31.123861,0.20114356,0
3.137958333,3.599434727,3.4079924,31.123861,0.20663476,0
3.13796,3.599434727,3.4079924,31.124615,0.20663476,0
3.221401667,3.600114455,3.4102926,31.133585,0.21214192,0
3.304856667,3.599669727,3.4124556,31.106327,0.21764703,0
3.388258333,3.599895091,3.4142313,31.106327,0.223157,0
3.38826,3.599895091,3.4142313,31.134531,0.223157,0
3.47168,3.600171727,3.4162817,31.098145,0.2286737,0
3.555023333,3.599962727,3.4178867,31.153412,0.23415083,0
3.638425,3.600322545,3.4197903,31.142714,0.23969601,0
3.721775,3.600058091,3.4213829,31.157,0.24518029,0
3.805261667,3.600029545,3.4229317,31.188063,0.25067168,0
3.888671667,3.599987,3.4242067,31.214178,0.25618413,0
3.97214,3.600066818,3.4254189,31.214178,0.26169831,0
3.972141667,3.600066818,3.4254189,31.181799,0.26169831,0
4.055553333,3.599608182,3.4267836,31.181799,0.26715869,0
4.055555,3.599608182,3.4267836,31.18693,0.26715869,0
4.138958333,3.599917636,3.4279881,31.20713,0.27272412,0
4.222426667,3.599893364,3.4291458,31.242374,0.27823031,0
4.305906667,3.600115364,3.4302092,31.242374,0.28373986,0
4.305908333,3.600115364,3.4302092,31.254553,0.28373986,0
4.389255,3.600071091,3.4312878,31.254553,0.28923577,0
4.389256667,3.600071091,3.4312878,31.303701,0.28923577,0
4.47266,3.599679273,3.4322948,31.284477,0.29474044,0
4.55609,3.600095364,3.4333162,31.284477,0.30018359,0
4.556091667,3.600095364,3.4333162,31.299702,0.30018359,0
4.639448333,3.600091909,3.4343624,31.299702,0.30574837,0
4.63945,3.600091909,3.4343624,31.249809,0.30574837,0
4.72285,3.600071091,3.4353914,31.249809,0.31124792,0
4.722851667,3.600071091,3.4353914,31.275135,0.31124792,0
4.806213333,3.599642,3.4363623,31.287338,0.31677055,0
4.889681667,3.600029545,3.4371891,31.316444,0.3222774,0
4.973151667,3.600217636,3.4383211,31.359703,0.32777035,0
5.056623333,3.599954091,3.4391956,31.359703,0.33324522,0
5.056625,3.599954091,3.4391956,31.375111,0.33324522,0
5.140035,3.599777182,3.4401894,31.347712,0.33878124,0
5.223456667,3.600008727,3.4412165,31.341425,0.34430593,0
5.30684,3.600043364,3.442194,31.374924,0.34980863,0
5.390278333,3.599359364,3.4430494,31.424057,0.35531318,0
5.473676667,3.599855273,3.4439917,31.39893,0.36081529,0
5.55702,3.600169091,3.4450235,31.448433,0.36632061,0
5.640475,3.600085,3.4459724,31.480421,0.37170789,0
5.723835,3.599649818,3.4468422,31.437206,0.37730208,0
5.80724,3.599738182,3.4478588,31.466516,0.38283223,0
5.890575,3.599603,3.4487457,31.466516,0.38832021,0
5.890576667,3.599603,3.4487457,31.469383,0.38832021,0
5.973981667,3.600001727,3.4495382,31.48765,0.39381239,0
6.05735,3.599805818,3.4503517,31.48765,0.39933982,0
6.057351667,3.599805818,3.4503517,31.505764,0.39933982,0
6.14069,3.599866545,3.4511042,31.505764,0.40483001,0
6.140691667,3.599866545,3.4511042,31.545168,0.40483001,0
6.224078333,3.599561364,3.4520416,31.584568,0.41027331,0
6.307466667,3.599990455,3.4528675,31.584568,0.41585043,0
6.307468333,3.599990455,3.4528675,31.613684,0.41585043,0
6.390896667,3.599658455,3.4537773,31.610447,0.42133486,0
6.474283333,3.599833545,3.4546223,31.610447,0.42680031,0
6.474285,3.599833545,3.4546223,31.588186,0.42680031,0
6.557683333,3.599849182,3.4554834,31.61673,0.43235794,0
6.641083333,3.599962727,3.4563808,31.651941,0.43782195,0
6.72442,3.599900364,3.457056,31.651941,0.44336852,0
6.724421667,3.599900364,3.457056,31.655939,0.44336852,0
6.80788,3.600458636,3.4578676,31.655939,0.44887432,0
6.807881667,3.600458636,3.4578676,31.687344,0.44887432,0
6.891301667,3.599170364,3.4587154,31.687344,0.45434335,0
6.891303333,3.599170364,3.4587154,31.703312,0.45434335,0
6.974775,3.600023455,3.4594097,31.703312,0.45987213,0
6.974776667,3.600023455,3.4594097,31.700108,0.45987213,0
7.058181667,3.599871727,3.4604092,31.749771,0.46532589,0
7.141546667,3.599846545,3.4609795,31.749771,0.4708854,0
7.141548333,3.599846545,3.4609795,31.771835,0.4708854,0
7.224895,3.599832727,3.4617987,31.771835,0.47633117,0
7.224896667,3.599832727,3.4617987,31.785139,0.47633117,0
7.308258333,3.600104909,3.4625216,31.797894,0.48178583,0
7.391641667,3.599633273,3.4633045,31.816345,0.48739737,0
7.475041667,3.600090182,3.4641562,31.803049,0.49290553,0
7.558516667,3.599939364,3.4647703,31.803049,0.4984087,0
7.558518333,3.599939364,3.4647703,31.865435,0.4984087,0
7.641926667,3.599758182,3.4654789,31.817883,0.50391799,0
7.725281667,3.600072,3.4662056,31.817883,0.50941122,0
7.725283333,3.600072,3.4662056,31.873634,0.50941122,0
7.808693333,3.600228091,3.4671183,31.873634,0.51491809,0
7.808695,3.600228091,3.4671183,31.900818,0.51491809,0
7.89212,3.600090182,3.4676409,31.959982,0.52020615,0
7.975506667,3.599808455,3.468461,31.959982,0.52593601,0
7.975508333,3.599808455,3.468461,31.911688,0.52593601,0
8.05891,3.599592545,3.4693165,31.988321,0.53144687,0
8.14227,3.599935909,3.4700089,31.988321,0.53694922,0
8.142271667,3.599935909,3.4700089,31.948954,0.53694922,0
8.225686667,3.599842273,3.4707499,31.948954,0.5424515,0
8.225688333,3.599842273,3.4707499,31.983006,0.5424515,0
8.309141667,3.600157818,3.4715271,31.983006,0.54787219,0
8.309143333,3.600157818,3.4715271,31.971983,0.54787219,0
8.39249,3.600061545,3.4722347,31.971983,0.55345762,0
8.392491667,3.600061545,3.4722347,32.019329,0.55345762,0
8.475933333,3.600095364,3.4730644,32.072575,0.55895072,0
8.559321667,3.600183,3.4738083,32.059284,0.56443805,0
8.64266,3.599733909,3.4745941,32.059284,0.56996453,0
8.642661667,3.599733909,3.4745941,32.036072,0.56996453,0
8.726111667,3.600386727,3.4753332,32.036072,0.57538718,0
8.726113333,3.600386727,3.4753332,32.082283,0.57538718,0
8.809466667,3.600226273,3.4760275,32.11042,0.58092529,0
8.892861667,3.599700091,3.4769516,32.105495,0.58638394,0
8.976251667,3.599921182,3.4774647,32.105495,0.59198099,0
8.976253333,3.599921182,3.4774647,32.10738,0.59198099,0
9.059611667,3.599956727,3.4784775,32.134575,0.59745121,0
9.143005,3.600039091,3.4792233,32.138,0.60299796,0
9.226456667,3.600007,3.4800205,32.138,0.60847902,0
9.226458333,3.600007,3.4800205,32.221825,0.60847902,0
9.30989,3.600023455,3.4807758,32.169937,0.61401236,0
9.393253333,3.600007818,3.4815502,32.210041,0.61942714,0
9.476645,3.599685364,3.4826307,32.210041,0.62500292,0
9.476646667,3.599685364,3.4826307,32.191799,0.62500292,0
9.559983333,3.599335909,3.4831133,32.191799,0.63050574,0
9.559985,3.599335909,3.4831133,32.201881,0.63050574,0
9.643443333,3.599993091,3.4840422,32.251305,0.63600957,0
9.726846667,3.599805,3.4850025,32.237053,0.64151585,0
9.810191667,3.599573455,3.4857063,32.266163,0.64699954,0
9.893566667,3.600075455,3.4866781,32.282112,0.65251809,0
9.976965,3.600138727,3.4874392,32.282112,0.65801042,0
9.976966667,3.600138727,3.4874392,32.278881,0.65801042,0
10.06037,3.600027818,3.4882975,32.249615,0.66352797,0
10.14379,3.600321727,3.4892406,32.249615,0.66901648,0
10.14379167,3.600321727,3.4892406,32.295994,0.66901648,0
10.22718667,3.600352909,3.4899826,32.295994,0.67451185,0
10.22718833,3.600352909,3.4899826,32.292004,0.67451185,0
10.31059667,3.600143091,3.4910069,32.32811,0.6800251,0
10.39397,3.600085909,3.4919004,32.32811,0.68554264,0
10.39397167,3.600085909,3.4919004,32.343143,0.68554264,0
10.477385,3.600001727,3.4928627,32.343143,0.69106519,0
10.47738667,3.600001727,3.4928627,32.31176,0.69106519,0
10.56072,3.600750818,3.4937458,32.31176,0.69656223,0
10.56072167,3.600750818,3.4937458,32.339127,0.69656223,0
10.64407833,3.600372818,3.4946241,32.339127,0.70205259,0
10.64408,3.600372818,3.4946241,32.401661,0.70205259,0
10.72750667,3.599303,3.4956722,32.395233,0.70756441,0
10.81085833,3.600057273,3.4965563,32.429417,0.71300548,0
10.89420667,3.599946273,3.4974613,32.445549,0.71855003,0
10.97764,3.599798,3.4984818,32.404156,0.72406721,0
11.06106167,3.600051182,3.4992113,32.430969,0.72959054,0
11.14439833,3.601477364,3.5005379,32.430969,0.73508394,0
11.1444,3.601477364,3.5005379,32.454315,0.73508394,0
11.227775,3.600163909,3.5015059,32.454315,0.74058259,0
11.22777667,3.600163909,3.5015059,32.506569,0.74058259,0
11.31119,3.599993091,3.5024986,32.50161,0.7460981,0
11.39460167,3.600085,3.5036011,32.50161,0.75151604,0
11.39460333,3.600085,3.5036011,32.509796,0.75151604,0
11.477945,3.599820545,3.5046368,32.54287,0.75708491,0
11.56136833,3.600256636,3.5057745,32.5499,0.76255095,0
11.644745,3.600162182,3.5067768,32.561863,0.76806468,0
11.72810833,3.600021727,3.5079002,32.561863,0.77356982,0
11.72811,3.600021727,3.5079002,32.590919,0.77356982,0
11.81153667,3.600469909,3.5090981,32.590919,0.77911514,0
11.81153833,3.600469909,3.5090981,32.627041,0.77911514,0
11.89498667,3.600033,3.5103807,32.627041,0.78460318,0
11.89498833,3.600033,3.5103807,32.587727,0.78460318,0
11.97833167,3.600168273,3.5114336,32.587727,0.79012126,0
12.06179167,3.600078091,3.5127888,32.64109,0.79563075,0
12.14517,3.599357636,3.5140495,32.626823,0.80107647,0
12.22854333,3.599698364,3.5152197,32.61393,0.80664462,0
12.31195167,3.599083636,3.5165749,32.61393,0.81213355,0
12.31195333,3.599083636,3.5165749,32.659103,0.81213355,0
12.39537667,3.600149182,3.5177698,32.693302,0.81764156,0
12.47874,3.600004364,3.5191231,32.677177,0.82308352,0
12.56215833,3.599627273,3.5205364,32.691235,0.82863283,0
12.645515,3.599931545,3.5220194,32.703186,0.83407116,0
12.72889333,3.600355455,3.5235081,32.752373,0.83966178,0
12.81228,3.60131,3.5249529,32.752373,0.84515923,0
12.81228167,3.60131,3.5249529,32.701885,0.84515923,0
12.89562833,3.600039091,3.5264788,32.712894,0.85065365,0
12.97906167,3.600340727,3.5281105,32.712894,0.85617828,0
12.97906333,3.600340727,3.5281105,32.747086,0.85617828,0
13.06244833,3.599685364,3.5297213,32.74593,0.86162728,0
13.14592,3.599673182,3.5314465,32.789238,0.867172,0
13.22932833,3.599864818,3.5333452,32.789238,0.87266761,0
13.22933,3.599864818,3.5333452,32.813694,0.87266761,0
13.312745,3.600052091,3.5350046,32.840698,0.8781758,0
13.34020833,3.599866545,3.5356665,32.840698,0.8800081,0
13.34021,3.599866545,3.5356665,32.827564,0.8800081,0
13.34076167,0.000652833,3.4710464,32.827564,0.88003176,0
13.34077,0.000652833,3.4710464,32.827564,0.88003176,0
13.425095,0,3.4294748,32.783157,0.88003176,0
13.50848167,0,3.411829,32.783157,0.88003176,0
13.50848333,0,3.411829,32.781059,0.88003176,0
13.59175167,0,3.3996706,32.765301,0.88003176,0
13.67507833,0,3.3906431,32.765301,0.88003176,0
13.67508,0,3.3906431,32.77631,0.88003176,0
13.75845167,0,3.3837481,32.638454,0.88003176,0
13.84179667,0,3.378397,32.616421,0.88003176,0
13.925145,0,3.3741264,32.616421,0.88003176,0
13.92514667,0,3.3741264,32.593422,0.88003176,0
14.00842833,0,3.3706675,32.593422,0.88003176,0
14.00843,0,3.3706675,32.513851,0.88003176,0
14.09180667,0,3.3677807,32.443874,0.88003176,0
14.17517833,0,3.3654718,32.397522,0.88003176,0
14.258435,0,3.3635216,32.332344,0.88003176,0
14.341805,0,3.3618498,32.251934,0.88003176,0
14.35548833,0.00010187,3.2952003,32.251934,0.88003176,0
14.43927333,1.000078364,3.3870907,32.251934,0.88143212,0
14.439275,1.000078364,3.3870907,32.179489,0.88143212,0
14.52260167,0.999878091,3.3904467,32.134415,0.88298714,0
14.60593,0.999839091,3.3928289,32.134415,0.88444626,0
14.60593167,0.999839091,3.3928289,32.093002,0.88444626,0
14.68931167,0.999901545,3.3948812,32.067902,0.88604623,0
14.77256833,0.999772364,3.3967466,31.985348,0.88752985,0
14.85591667,0.999857273,3.3984356,31.985348,0.88910043,0
14.85591833,0.999857273,3.3984356,31.901688,0.88910043,0
14.93931833,0.999863364,3.3995409,31.881695,0.89052391,0
15.02262667,0.999697727,3.4006958,31.840408,0.89214116,0
15.10593667,0.999915364,3.4018316,31.840408,0.89368004,0
15.10593833,0.999915364,3.4018316,31.801392,0.89368004,0
15.18924667,1.000090545,3.4028978,31.720898,0.8952111,0
15.27260833,0.999657,3.4038725,31.720898,0.89671493,0
15.27261,0.999657,3.4038725,31.724127,0.89671493,0
15.35591833,0.999848636,3.4045992,31.704309,0.89824176,0
15.43929333,0.999361364,3.4054432,31.704309,0.89973396,0
15.439295,0.999361364,3.4054432,31.61849,0.89973396,0
15.52258833,0.999998636,3.4063568,31.61849,0.90130436,0
15.52259,0.999998636,3.4063568,31.594496,0.90130436,0
15.60596333,0.999963909,3.4069653,31.549187,0.90284532,0
15.68925833,0.999323273,3.4075727,31.549187,0.90436679,0
15.68926,0.999323273,3.4075727,31.537018,0.90436679,0
15.772605,1.000482364,3.408205,31.537018,0.90590328,0
15.77260667,1.000482364,3.408205,31.499113,0.90590328,0
15.855955,1.000965273,3.4089785,31.499113,0.90742695,0
15.85595667,1.000965273,3.4089785,31.468065,0.90742695,0
15.93927667,0.99939,3.4097357,31.453794,0.90895826,0
16.02259833,1.000146909,3.410387,31.397427,0.91048801,0
16.10592667,0.999989909,3.4109316,31.355337,0.91201377,0
16.18931333,0.999932727,3.4116116,31.383892,0.91353029,0
16.272645,0.999952636,3.4122963,31.251514,0.91506559,0
16.35595333,1.000028091,3.412816,31.251514,0.91659153,0
16.439345,0.999752364,3.4134712,31.25173,0.91812611,0
16.52259833,1.000903727,3.4140606,31.25173,0.91964734,0
16.5226,1.000903727,3.4140606,31.1618,0.91964734,0
16.60601333,1.000173727,3.4146614,31.15799,0.92118394,0
16.68929833,0.999966545,3.415247,31.15799,0.92271084,0
16.6893,0.999966545,3.415247,31.142914,0.92271084,0
16.77266,1.000068818,3.4158497,31.084255,0.92423159,0
16.85603833,0.999772364,3.4163504,31.033768,0.92576736,0
16.93927667,1.000117364,3.4169712,31.087671,0.92728734,0
17.02257167,0.999998636,3.4174595,31.018108,0.92882013,0
17.10592167,0.999961364,3.4180298,30.991823,0.93033797,0
17.18933667,0.999353545,3.4187431,30.962454,0.93186045,0
17.27259667,0.999898,3.4192591,30.937111,0.93339825,0
17.35591833,0.999500091,3.4198799,30.895771,0.93492776,0
17.43926333,1.000073182,3.4204226,30.895592,0.93645281,0
17.52260833,1.000046273,3.4208059,30.895592,0.93797636,0
17.52261,1.000046273,3.4208059,30.910061,0.93797636,0
17.60593333,0.999799182,3.4215221,30.838364,0.93951482,0
17.6893,0.999582455,3.4220867,30.809969,0.94102877,0
17.77264167,1.000074,3.4226151,30.809969,0.9425717,0
17.77264333,1.000074,3.4226151,30.792837,0.9425717,0
17.85600833,0.99967,3.4232864,30.803091,0.9440912,0
17.93932833,1.000216182,3.4237356,30.803091,0.94562459,0
17.93933,1.000216182,3.4237356,30.772982,0.94562459,0
18.022665,0.999901545,3.4243498,30.742472,0.94715607,0
18.10596667,0.999967364,3.4249048,30.740574,0.94867116,0
18.189255,0.999909273,3.4255142,30.740574,0.95019847,0
18.18925667,0.999909273,3.4255142,30.687948,0.95019847,0
18.27257667,1.000066273,3.4261379,30.670959,0.95172888,0
18.35596833,1.000070545,3.4267578,30.652664,0.95326138,0
18.43932833,0.999742,3.4273634,30.680098,0.95479488,0
18.52260833,1.000252636,3.4280262,30.680098,0.95629668,0
18.52261,1.000252636,3.4280262,30.591045,0.95629668,0
18.605945,1.000342818,3.4287624,30.591045,0.95784241,0
18.60594667,1.000342818,3.4287624,30.641788,0.95784241,0
18.689295,1.000679182,3.4293308,30.58322,0.95936805,0
18.772665,0.999912818,3.4298239,30.586094,0.96089661,0
18.855965,0.999508727,3.4305429,30.538612,0.96241194,0
18.9393,1.000338455,3.4313459,30.585146,0.96395135,0
19.02260833,0.999967364,3.4319763,30.482138,0.96548325,0
19.10591667,1.000042,3.4326496,30.482138,0.96701354,0
19.10591833,1.000042,3.4326496,30.501392,0.96701354,0
19.18930667,0.999988182,3.4333572,30.502338,0.96854103,0
19.27264,0.999869455,3.4340029,30.502338,0.9700619,0
19.27264167,0.999869455,3.4340029,30.484398,0.9700619,0
19.35591,1.000064545,3.4348059,30.484398,0.97159594,0
19.35591167,1.000064545,3.4348059,30.454084,0.97159594,0
19.439365,1.000374,3.4356461,30.454084,0.97312295,0
19.43936667,1.000374,3.4356461,30.460163,0.97312295,0
19.52266167,1.000236182,3.4363146,30.425663,0.97465217,0
19.60596,1.000100909,3.4372034,30.425663,0.97617376,0
19.60596167,1.000100909,3.4372034,30.422787,0.97617376,0
19.68932167,1.000120818,3.4379768,30.372204,0.97770476,0
19.77257167,0.999562545,3.4388924,30.372204,0.97923017,0
19.77257333,0.999562545,3.4388924,30.381374,0.97923017,0
19.85596333,1.000013364,3.4397955,30.372385,0.98074877,0
19.93928,1.000855182,3.4406815,30.373543,0.98228794,0
20.02258,0.999796636,3.4415598,30.354256,0.98381436,0
20.105945,0.99982,3.4425535,30.343191,0.98534751,0
20.18926333,0.999665727,3.443594,30.323753,0.98683602,0
20.27264,0.999950091,3.4446278,30.344139,0.98839247,0
20.35591833,0.999981273,3.4457264,30.344139,0.9899236,0
20.35592,0.999981273,3.4457264,30.284441,0.9899236,0
20.43929667,0.999632727,3.4468069,30.310759,0.99143922,0
20.52265167,1.000083545,3.4480143,30.310759,0.99297875,0
20.52265333,1.000083545,3.4480143,30.297583,0.99297875,0
20.60598,1.000152909,3.4491835,30.278505,0.99451071,0
20.689305,1.000003818,3.4506769,30.278505,0.99604267,0
20.68930667,1.000003818,3.4506769,30.271622,0.99604267,0
20.77265333,0.999859909,3.4518452,30.241081,0.99756241,0
20.85591167,0.999932727,3.453167,30.209772,0.99908596,0
20.93924667,0.999991636,3.4546537,30.164364,1.0006258,0
21.02258,1.000094818,3.456255,30.164364,1.0021448,0
21.02258167,1.000094818,3.456255,30.174456,1.0021448,0
21.10604333,1.000115636,3.4579391,30.224085,1.0036821,0
21.189235,0.999561636,3.4595222,30.224085,1.0051979,0
21.18923667,0.999561636,3.4595222,30.235182,1.0051979,0
21.27258333,1.000160727,3.4612255,30.206926,1.0067203,0
21.35592167,0.999980364,3.463026,30.226189,1.0082623,0
21.43930833,0.999572909,3.4651022,30.150236,1.0097895,0
21.52265833,1.000107,3.4671555,30.183626,1.0113207,0
21.60591333,0.999873727,3.4692593,30.161489,1.0128217,0
21.68923667,0.998725909,3.4716635,30.161489,1.014372,0
21.68923833,0.998725909,3.4716635,30.178314,1.014372,0
21.77262,0.999860727,3.4741402,30.112806,1.0159004,0
21.85591,1.000040273,3.4767122,30.133051,1.017417,0
21.939255,1.000134727,3.4795094,30.133051,1.0189565,0
21.93925667,1.000134727,3.4795094,30.138367,1.0189565,0
22.02257833,1.000152909,3.4824162,30.115095,1.0204744,0
22.10595333,0.999863364,3.4854784,30.117023,1.0220112,0
22.18927333,1.000298545,3.4889221,30.130352,1.0235327,0
22.27258667,0.999805273,3.4922962,30.139317,1.0250617,0
22.35601,0.999824364,3.4960957,30.087784,1.0265822,0
22.43928667,0.999289455,3.5001354,30.087784,1.0281036,0
22.43928833,0.999289455,3.5001354,30.103813,1.0281036,0
22.52259167,0.999564273,3.5044889,30.103813,1.0296519,0
22.52259333,0.999564273,3.5044889,30.082796,1.0296519,0
22.60597833,1.000863818,3.50914,30.120232,1.0311747,0
22.68932833,0.999794909,3.5139942,30.099218,1.0326978,0
22.77264,1.000001182,3.5194635,30.053589,1.0342301,0
22.856025,1.000187636,3.5252934,30.093132,1.0357593,0
22.939245,0.999538273,3.5313749,30.056643,1.0372869,0
23.02265,0.999898909,3.5381975,30.108366,1.0388181,0
23.105995,0.999941364,3.5456104,30.065641,1.0403492,0
23.189285,0.999460182,3.5535631,30.065641,1.0418711,0
23.18928667,0.999460182,3.5535631,30.075733,1.0418711,0
23.27266333,1.000003818,3.5624495,30.075733,1.0433958,0
23.272665,1.000003818,3.5624495,30.04652,1.0433958,0
23.35593167,1.000245727,3.57197,30.113346,1.0449229,0
23.43925167,1.000150364,3.582406,30.085855,1.0464513,0
23.52259167,1.000055818,3.5939407,30.088917,1.047981,0
23.605925,0.857139064,3.6002903,30.075733,1.0494533,0
23.6893,0.701756045,3.6003513,30.066771,1.050589,0
23.77260667,0.624432127,3.6002741,30.066771,1.0516061,0
23.77260833,0.624432127,3.6002741,30.024193,1.0516061,0
23.85593667,0.568443645,3.6002712,30.024193,1.0525353,0
23.85593833,0.568443645,3.6002712,30.015017,1.0525353,0
23.93930667,0.526178536,3.6003523,30.015017,1.0533638,0
23.93930833,0.526178536,3.6003523,30.100193,1.0533638,0
24.02260167,0.491269718,3.6002712,30.063711,1.0541426,0
24.10592333,0.460173,3.6003456,30.046701,1.0548629,0
24.189255,0.432872773,3.6003847,30.046701,1.0555485,0
24.18925667,0.432872773,3.6003847,30.065023,1.0555485,0
24.27265,0.408015682,3.6002817,30.048969,1.0561862,0
24.355955,0.385193391,3.6003189,30.048969,1.0567955,0
24.35595667,0.385193391,3.6003189,30.025875,1.0567955,0
24.439315,0.367661391,3.600378,29.987482,1.0573694,0
24.52257167,0.346719573,3.6002607,29.987482,1.0579025,0
24.52257333,0.346719573,3.6002607,30.014803,1.0579025,0
24.605925,0.329875945,3.6002436,30.03294,1.0584316,0
24.68935167,0.319076018,3.6003895,30.055452,1.058928,0
24.772605,0.303163527,3.6003456,30.035814,1.0593981,0
24.85594167,0.2921668,3.6003561,29.986351,1.0598491,0
24.939265,0.276673055,3.6002283,30.004675,1.0602757,0
25.0226,0.266420191,3.6002808,30.004675,1.0606937,0
25.02260167,0.266420191,3.6002808,29.95903,1.0606937,0
25.10594667,0.254844318,3.6001606,29.95903,1.0610933,0
25.10594833,0.254844318,3.6001606,29.965151,1.0610933,0
25.18932333,0.243653382,3.600214,29.982685,1.0614763,0
25.27266,0.237993764,3.6002979,29.938015,1.0618408,0
25.35600333,0.227345555,3.6002388,29.983658,1.0621997,0
25.43930167,0.221824645,3.6003056,29.960751,1.0625392,0
25.52265167,0.211247527,3.6002331,29.960751,1.0628612,0
25.52265333,0.211247527,3.6002331,29.895428,1.0628612,0
25.60594833,0.206135836,3.6002302,29.908792,1.0631858,0
25.68925667,0.200278545,3.6003284,29.912617,1.0635023,0
25.77261667,0.189897364,3.6001787,29.931131,1.0637844,0
25.85592667,0.184553318,3.6002254,29.918922,1.0640823,0
25.939235,0.179118245,3.6001778,29.875381,1.0643589,0
26.02268167,0.173566991,3.6001978,29.895792,1.0646425,0
26.10597167,0.168076427,3.6001787,29.827616,1.0648997,0
26.18928167,0.167974991,3.6003408,29.797228,1.0651422,0
26.27263,0.157331991,3.6001186,29.836794,1.0654073,0
26.35595167,0.157321582,3.6002102,29.830858,1.065648,0
26.43928833,0.151603009,3.6002035,29.809469,1.0658801,0
26.52259167,0.1458957,3.6002159,29.816534,1.0661153,0
26.605985,0.142914164,3.6001787,29.816534,1.0663366,0
26.60598667,0.142914164,3.6001787,29.80757,1.0663366,0
26.689325,0.140624482,3.6001654,29.777002,1.0665402,0
26.77259,0.135335055,3.6003036,29.809286,1.0667558,0
26.85596167,0.130008355,3.6001682,29.780241,1.0669584,0
26.93930333,0.130030027,3.6001978,29.776022,1.0671684,0
27.02265,0.128871745,3.6002712,29.746817,1.0673634,0
27.10597333,0.124144991,3.6001892,29.722338,1.0675485,0
27.189305,0.1194139,3.6001062,29.722338,1.0677413,0
27.18930667,0.1194139,3.6001062,29.733601,1.0677413,0
27.27259667,0.119426036,3.6002064,29.682789,1.0679218,0
27.35592333,0.113689245,3.6000576,29.715263,1.0680956,0
27.43927167,0.113697918,3.6001453,29.695984,1.0682709,0
27.52261667,0.108349536,3.600153,29.695984,1.0684447,0
27.52261833,0.108349536,3.600153,29.643456,1.0684447,0
27.60592,0.108439709,3.6002254,29.643456,1.0686109,0
27.60592167,0.108439709,3.6002254,29.670944,1.0686109,0
27.68926333,0.103073118,3.6000891,29.700359,1.0687732,0
27.77257333,0.097840045,3.5998716,29.700359,1.068928,0
27.772575,0.097840045,3.5998716,29.678011,1.068928,0
27.85599,0.097855655,3.599761,29.663691,1.0690737,0
27.93933833,0.097856518,3.5997839,29.663691,1.069224,0
27.93934,0.097856518,3.5997839,29.613056,1.069224,0
28.02260667,0.097856518,3.5999146,29.613056,1.0693741,0
28.02260833,0.097856518,3.5999146,29.645901,1.0693741,0
28.10593167,0.097781091,3.6001339,29.645901,1.0695229,0
28.10593333,0.097781091,3.6001339,29.621443,1.0695229,0
28.18926667,0.087874153,3.6000538,29.654902,1.0696715,0
28.272675,0.087309751,3.5998201,29.654902,1.0698081,0
28.27267667,0.087309751,3.5998201,29.638981,1.0698081,0
28.35594667,0.087238658,3.5997477,29.638981,1.0699403,0
28.35594833,0.087238658,3.5997477,29.600224,1.0699403,0
28.43925667,0.087263801,3.5997992,29.602303,1.0700719,0
28.52260667,0.087269003,3.5999622,29.586079,1.0702072,0
28.60595667,0.087269003,3.6001415,29.539631,1.070338,0
28.68934333,0.083930275,3.6002378,29.587391,1.0704724,0
28.77257333,0.081742026,3.6002331,29.572117,1.0705987,0
28.855945,0.079936981,3.6002207,29.556807,1.0707222,0
28.93929333,0.076495084,3.6001081,29.556807,1.0708361,0
28.939295,0.076495084,3.6001081,29.592354,1.0708361,0
29.02257833,0.07647601,3.6001005,29.522421,1.0709577,0
29.10591667,0.076466474,3.6001625,29.615685,1.0710694,0
29.18938,0.075811039,3.6002302,29.522421,1.0711905,0
29.27261,0.071311431,3.6001053,29.522421,1.0713001,0
29.27261167,0.071311431,3.6001053,29.575331,1.0713001,0
29.35590667,0.071353913,3.6001663,29.575331,1.0714058,0
29.35590833,0.071353913,3.6001663,29.544958,1.0714058,0
29.43925167,0.071362582,3.6002426,29.571138,1.0715166,0
29.52260167,0.066059286,3.6001549,29.520521,1.0716248,0
29.605965,0.066064488,3.6000185,29.52968,1.0717225,0
29.68931333,0.06608963,3.6000128,29.52968,1.0718241,0
29.689315,0.06608963,3.6000128,29.554115,1.0718241,0
29.772605,0.066022006,3.6000872,29.549736,1.0719192,0
29.85592,0.066087029,3.6001759,29.501202,1.0720276,0
29.93927667,0.061019551,3.6000891,29.53467,1.0721252,0
30.02258667,0.060971,3.6000128,29.467733,1.0722195,0
30.10596667,0.060983137,3.6000643,29.471928,1.0723133,0
30.189275,0.060977069,3.6001034,29.471928,1.0724043,0
30.18927667,0.060977069,3.6001034,29.476919,1.0724043,0
30.27264833,0.060971867,3.6001673,29.476919,1.0724981,0
30.27265,0.060971867,3.6001673,29.4771,1.0724981,0
30.35598667,0.055435354,3.5999079,29.478235,1.0725822,0
30.43934667,0.05549951,3.5998411,29.478235,1.0726701,0
30.43934833,0.05549951,3.5998411,29.484358,1.0726701,0
30.52260333,0.055467432,3.5997677,29.463932,1.072754,0
30.606,0.062025244,3.6003141,29.491432,1.0728475,0
30.68926333,0.056506937,3.6002455,29.491432,1.0729363,0
30.689265,0.056506937,3.6002455,29.453768,1.0729363,0
30.772635,0.05114382,3.6001091,29.453768,1.0730197,0
30.77263667,0.05114382,3.6001091,29.440779,1.0730197,0
30.85593167,0.051170696,3.6000109,29.442703,1.0730945,0
30.93933833,0.05116376,3.5999575,29.442703,1.073176,0
30.93934,0.05116376,3.5999575,29.41839,1.073176,0
31.02266833,0.051235719,3.5999231,29.431593,1.0732545,0
31.10592333,0.051199306,3.5999813,29.475384,1.0733333,0
31.189285,0.051197572,3.6000051,29.437716,1.0734103,0
31.27264667,0.051212311,3.6001205,29.455877,1.0734893,0
31.35595667,0.051197572,3.6002502,29.455877,1.073568,0
31.35595833,0.051197572,3.6002502,29.4662,1.073568,0
31.43926667,0.045853528,3.6001253,29.447855,1.073644,0
31.52266833,0.045817982,3.6000404,29.431593,1.073714,0
31.605935,0.045856996,3.5999365,29.431593,1.0737829,0
31.60593667,0.045856996,3.5999365,29.445742,1.0737829,0
31.68933833,0.045848326,3.5999641,29.445742,1.0738537,0
31.68934,0.045848326,3.5999641,29.445562,1.0738537,0
31.77264333,0.045815381,3.5999718,29.413244,1.0739233,0
31.85596667,0.04584139,3.6000185,29.413244,1.0739942,0
31.85596833,0.04584139,3.6000185,29.405039,1.0739942,0
31.93923833,0.045819716,3.6001472,29.363356,1.0740621,0
32.02265333,0.045866533,3.6002159,29.363356,1.0741338,0
32.022655,0.045866533,3.6002159,29.359163,1.0741338,0
32.10595,0.045837923,3.6003504,29.359163,1.0742043,0
32.10595167,0.045837923,3.6003504,29.372725,1.0742043,0
32.18931167,0.040559769,3.60009,29.372725,1.0742676,0
32.18931333,0.040559769,3.60009,29.388807,1.0742676,0
32.27262,0.040607453,3.5999937,29.365469,1.0743308,0
32.35594167,0.04057364,3.5999689,29.376738,1.0743927,0
32.439305,0.040636063,3.5999327,29.349382,1.0744547,0
32.52265,0.04059098,3.5999269,29.369663,1.0745157,0
32.60592167,0.040549365,3.6000071,29.326044,1.074578,0
32.68937,0.040552833,3.6000614,29.304815,1.0746397,0
32.77268167,0.040596182,3.6001005,29.347454,1.0747019,0
32.85598833,0.040544163,3.6001959,29.347454,1.0747647,0
32.85599,0.040544163,3.6001959,29.334873,1.0747647,0
32.93934833,0.040561503,3.6003227,29.334873,1.0748256,0
32.93935,0.040561503,3.6003227,29.291464,1.0748256,0
33.02266333,0.035324096,3.600071,29.306747,1.0748836,0
33.10593333,0.035264275,3.6000032,29.350517,1.0749373,0
33.18924167,0.03525994,3.5999374,29.350517,1.0749913,0
33.18924333,0.03525994,3.5999374,29.322834,1.0749913,0
33.27263667,0.035282482,3.5998402,29.322834,1.0750463,0
33.27263833,0.035282482,3.5998402,29.304815,1.0750463,0
33.355965,0.035247803,3.5998087,29.304815,1.0750997,0
33.35596667,0.035247803,3.5998087,29.307108,1.0750997,0
33.43932833,0.035292885,3.5998507,29.319546,1.0751538,0
33.52267667,0.035285083,3.5997839,29.361019,1.0752074,0
33.60599667,0.035319762,3.5998554,29.361019,1.075262,0
33.60599833,0.035319762,3.5998554,29.31645,1.075262,0
33.68930833,0.03524867,3.5998898,29.306496,1.075316,0
33.77260333,0.035301555,3.5999784,29.353178,1.0753692,0
33.85597833,0.035262541,3.6000414,29.32353,1.0754234,0
33.93927167,0.035252137,3.6000929,29.31645,1.0754766,0
34.022595,0.035262541,3.6001949,29.303278,1.0755311,0
34.105905,0.035290285,3.6003475,29.290079,1.075585,0
34.18926667,0.030215004,3.6000538,29.295437,1.0756341,0
34.272575,0.030269623,3.5999699,29.28931,1.0756803,0
34.35593667,0.030213269,3.5998926,29.28931,1.075726,0
34.35593833,0.030213269,3.5998926,29.278034,1.075726,0
34.35603667,0.030211535,3.5998964,29.278034,1.075726,0
34.35813833,-0.5196424,3.5880585,29.278034,1.075726,3.81E-06
34.35936333,-0.959590545,3.5774422,29.278034,1.075726,3.81E-06
34.36043,-1.360040182,3.5674295,29.278034,1.075726,3.81E-06
34.361445,-1.759174909,3.5567913,29.278034,1.075726,6.92E-05
34.36254167,-2.159415636,3.5456648,29.278034,1.075726,6.92E-05
34.36347167,-2.519464455,3.5352459,29.278034,1.075726,6.92E-05
34.364445,-2.879462636,3.5244579,29.278034,1.075726,6.92E-05
34.365405,-3.240325636,3.5134888,29.278034,1.075726,6.92E-05
34.36635167,-3.559760182,3.5034723,29.278034,1.075726,6.92E-05
34.36716333,-3.879544545,3.4931784,29.278034,1.075726,6.92E-05
34.36921,-3.959620636,3.4828405,29.278034,1.075726,6.92E-05
34.37212333,-3.959664909,3.4723015,29.278034,1.075726,6.92E-05
34.37506833,-3.999652818,3.4620533,29.278034,1.075726,6.92E-05
34.37880667,-3.999645455,3.452014,29.278034,1.075726,0.001216461
34.38282833,-3.999958909,3.4420023,29.278034,1.075726,0.001216461
34.38760667,-3.999466,3.4317179,29.278034,1.075726,0.001216461
34.39295833,-3.999628545,3.4216061,29.278034,1.075726,0.001216461
34.39873667,-3.998357182,3.4115047,29.278034,1.075726,0.002592203
34.39873833,-3.998357182,3.4115047,29.286247,1.075726,0.002592203
34.40544167,-3.999616,3.401474,29.286247,1.075726,0.002592203
34.41275167,-3.999664545,3.391222,29.286247,1.075726,0.003743742
34.421125,-3.999779455,3.3811626,29.286247,1.075726,0.003743742
34.43035167,-3.998570455,3.3710117,29.286247,1.075726,0.004978525
34.44067,-3.999850545,3.3609514,29.286247,1.075726,0.004978525
34.45177667,-3.999874818,3.3509312,29.286247,1.075726,0.006597964
34.45177833,-3.999874818,3.3509312,29.254869,1.075726,0.006597964
34.464335,-3.999854455,3.3408976,29.254869,1.075726,0.00751191
34.47795167,-3.999958,3.3306704,29.254869,1.075726,0.008536767
34.493325,-3.999609545,3.3205099,29.273226,1.075726,0.008536767
34.510125,-3.999885182,3.3102226,29.273226,1.075726,0.010873625
34.52876333,-4.000041273,3.3001661,29.273226,1.075726,0.012228788
34.54905167,-3.999399273,3.2901144,29.314926,1.075726,0.013738801
34.57167667,-3.999994,3.2800255,29.314926,1.075726,0.015407496
34.59727333,-4.000132273,3.2699251,29.322582,1.075726,0.017278034
34.62622167,-3.999877818,3.2598925,29.322582,1.075726,0.019387372
34.65966,-4.000683727,3.2498531,29.322582,1.075726,0.02181421
34.65966167,-4.000683727,3.2498531,29.344973,1.075726,0.02181421
34.69832,-3.999964545,3.2398186,29.344973,1.075726,0.02467224
34.69832167,-3.999964545,3.2398186,29.400597,1.075726,0.02467224
34.74592667,-3.999864,3.2297955,29.400597,1.075726,0.028169822
34.74592833,-3.999864,3.2297955,29.341722,1.075726,0.028169822
34.80508167,-3.999735182,3.2197056,29.369078,1.075726,0.032513473
34.882775,-3.999631636,3.2096329,29.369078,1.075726,0.038192511
34.88277667,-3.999631636,3.2096329,29.447086,1.075726,0.038192511
34.966295,-4.000018273,3.20191,29.456858,1.075726,0.044247888
35.04969833,-3.999747818,3.196002,29.506372,1.075726,0.050451778
35.13308833,-3.999968455,3.1914644,29.506372,1.075726,0.056553274
35.13309,-3.999968455,3.1914644,29.524719,1.075726,0.056553274
35.21655333,-4.000008727,3.1880169,29.524719,1.075726,0.06269677
35.216555,-4.000008727,3.1880169,29.548971,1.075726,0.06269677
35.299975,-3.999949818,3.1849442,29.604599,1.075726,0.068817943
35.38339833,-3.999679273,3.1827154,29.640911,1.075726,0.074861303
35.466775,-4.000302273,3.1804008,29.656984,1.075726,0.081004277
35.55019333,-3.999904273,3.1786051,29.656984,1.075726,0.087098487
35.550195,-3.999904273,3.1786051,29.785568,1.075726,0.087098487
35.63359667,-4.000156545,3.1768875,29.785568,1.075726,0.093251623
35.63359833,-4.000156545,3.1768875,29.779476,1.075726,0.093251623
35.71695833,-3.999832364,3.1755028,29.838114,1.075726,0.099376664
35.80031667,-4.000230727,3.1739531,29.89065,1.075726,0.10550959
35.88375667,-3.999719636,3.1727324,29.89065,1.075726,0.11161105
35.88375833,-3.999719636,3.1727324,29.925039,1.075726,0.11161105
35.967095,-3.999930727,3.1714973,29.967447,1.075726,0.11772825
36.05062167,-4.000365545,3.1703062,30.063282,1.075726,0.12383763
36.13397667,-3.999875636,3.1690226,30.039055,1.075726,0.12996361
36.21731167,-3.999987545,3.1679354,30.169256,1.075726,0.13606595
36.30070167,-4.000496455,3.1667004,30.166988,1.075726,0.14218707
36.38417,-4.000052091,3.1657715,30.166988,1.075726,0.14831389
36.38417167,-4.000052091,3.1657715,30.244686,1.075726,0.14831389
36.46756333,-3.999953727,3.1646652,30.235516,1.075726,0.15441824
36.55094667,-4.000023455,3.163806,30.235516,1.075726,0.1605324
36.55094833,-4.000023455,3.163806,30.279997,1.075726,0.1605324
36.63447,-4.000038273,3.1627779,30.317236,1.075726,0.16667487
36.71795167,-4.000347727,3.1617222,30.317236,1.075726,0.17276749
36.71795333,-4.000347727,3.1617222,30.306755,1.075726,0.17276749
36.80144667,-4.000096364,3.1608438,30.371622,1.075726,0.17890227
36.88487833,-4.000061636,3.159771,30.364378,1.075726,0.1849833
36.96832167,-3.999987545,3.1588306,30.449284,1.075726,0.1911198
37.05175333,-4.000188182,3.1578941,30.507866,1.075726,0.19724689
37.135255,-3.999957182,3.1568584,30.520824,1.075726,0.20339635
37.21861667,-4.000006545,3.156003,30.529043,1.075726,0.20949203
37.302005,-4.000023455,3.1551886,30.529043,1.075726,0.21563068
37.30200667,-4.000023455,3.1551886,30.596571,1.075726,0.21563068
37.38541,-4.000023455,3.1540127,30.638914,1.075726,0.22174688
37.468785,-3.999916,3.1531067,30.682383,1.075726,0.22781132
37.552285,-4.000133182,3.1522675,30.686234,1.075726,0.23397334
37.63568167,-4.000010909,3.1513081,30.77619,1.075726,0.24005479
37.71915,-3.999919909,3.1504803,30.77619,1.075726,0.24621256
37.71915167,-3.999919909,3.1504803,30.776981,1.075726,0.24621256
37.80252667,-3.999883,3.1494551,30.824656,1.075726,0.25231475
37.88603333,-4.000066,3.1485519,30.837599,1.075726,0.25845942
37.96950167,-4.00003,3.1474438,30.837599,1.075726,0.26455706
37.96950333,-4.00003,3.1474438,30.862762,1.075726,0.26455706
38.05299833,-4.000288364,3.1466808,30.895191,1.075726,0.27068597
38.13645833,-3.999601273,3.1455574,30.895191,1.075726,0.27678663
38.13646,-3.999601273,3.1455574,30.957693,1.075726,0.27678663
38.21994,-3.999944182,3.1447105,30.957693,1.075726,0.28287059
38.21994167,-3.999944182,3.1447105,30.970667,1.075726,0.28287059
38.303275,-3.999613818,3.1436901,30.997715,1.075726,0.28901693
38.38671667,-4.000900909,3.1425943,31.028027,1.075726,0.29516846
38.47018,-4.000836727,3.1418266,31.028027,1.075726,0.30120233
38.47018167,-4.000836727,3.1418266,31.051105,1.075726,0.30120233
38.55367667,-3.999948545,3.1406374,31.051105,1.075726,0.30737618
38.55367833,-3.999948545,3.1406374,31.069387,1.075726,0.30737618
38.63710833,-3.999611636,3.1395807,31.085411,1.075726,0.3135415
38.720575,-4.000001364,3.1386929,31.143892,1.075726,0.31961846
38.80410167,-3.999722636,3.1376247,31.201416,1.075726,0.32568592
38.88750333,-4.000199909,3.1365662,31.185394,1.075726,0.3319017
38.97094167,-3.999925545,3.1355505,31.182192,1.075726,0.33801398
39.05427667,-4.000226364,3.1345015,31.182192,1.075726,0.34413114
39.05427833,-4.000226364,3.1345015,31.222559,1.075726,0.34413114
39.13775833,-4.000304364,3.1333637,31.245625,1.075726,0.35025617
39.22122667,-3.999803727,3.1323366,31.301065,1.075726,0.35637128
39.30472167,-4.000130091,3.1312046,31.318361,1.075726,0.36245057
39.38809833,-4.001224273,3.1301813,31.317234,1.075726,0.36858544
39.47157,-3.999693182,3.1290646,31.317234,1.075726,0.37467331
39.47157167,-3.999693182,3.1290646,31.36467,1.075726,0.37467331
39.55510167,-3.999836636,3.1278486,31.389776,1.075726,0.38086188
39.63862333,-4.000246273,3.1268101,31.465757,1.075726,0.38697523
39.72213333,-3.999316,3.1256342,31.4452,1.075726,0.39311126
39.805535,-4.000058182,3.1244507,31.441204,1.075726,0.39921206
39.88907,-3.999873545,3.1234064,31.470354,1.075726,0.40532613
39.972605,-3.999357182,3.121973,31.514702,1.075726,0.4114669
40.055945,-3.999781636,3.1208715,31.575417,1.075726,0.41757256
40.13947833,-3.999906455,3.1197205,31.510521,1.075726,0.42368084
40.22295833,-4.000268455,3.1184464,31.510521,1.075726,0.42980188
40.22296,-4.000268455,3.1184464,31.541899,1.075726,0.42980188
40.30645333,-4.000155727,3.117301,31.541899,1.075726,0.43594652
40.306455,-4.000155727,3.117301,31.622643,1.075726,0.43594652
40.38992333,-4.000063818,3.1159191,31.622643,1.075726,0.44207942
40.389925,-4.000063818,3.1159191,31.620728,1.075726,0.44207942
40.47341833,-3.999907364,3.1146708,31.620728,1.075726,0.4482047
40.47342,-3.999907364,3.1146708,31.640503,1.075726,0.4482047
40.55687333,-3.999979273,3.1133461,31.640503,1.075726,0.45432228
40.556875,-3.999979273,3.1133461,31.616175,1.075726,0.45432228
40.64029,-4.000273636,3.112011,31.644531,1.075726,0.46043932
40.723735,-4.000207273,3.1106386,31.660719,1.075726,0.46651182
40.80717333,-3.999858727,3.1094532,31.760805,1.075726,0.47265711
40.89071167,-4.000049909,3.1082191,31.765554,1.075726,0.47876152
40.97419,-4.000081545,3.1068001,31.765554,1.075726,0.4848932
40.97419167,-4.000081545,3.1068001,31.748236,1.075726,0.4848932
41.05760667,-3.999626455,3.1055279,31.753176,1.075726,0.49102458
41.141035,-3.999694909,3.1041298,31.79752,1.075726,0.49715513
41.22447667,-3.999877818,3.1027317,31.799438,1.075726,0.50325638
41.30789167,-4.000128,3.1014128,31.799438,1.075726,0.50938427
41.30789333,-4.000128,3.1014128,31.84586,1.075726,0.50938427
41.39140667,-3.999890455,3.1000004,31.817326,1.075726,0.51545346
41.474885,-4.000317,3.098609,31.822292,1.075726,0.52160466
41.55825667,-3.999700545,3.0971384,31.822292,1.075726,0.52774352
41.55825833,-3.999700545,3.0971384,31.858438,1.075726,0.52774352
41.64179833,-4.000010909,3.095809,31.858438,1.075726,0.5338226
41.6418,-4.000010909,3.095809,31.898939,1.075726,0.5338226
41.72522333,-4.000091091,3.0944643,31.898939,1.075726,0.53996301
41.725225,-4.000091091,3.0944643,31.917952,1.075726,0.53996301
41.80859833,-3.999643364,3.0930166,31.917952,1.075726,0.54607427
41.89204167,-4.000192545,3.0916586,31.958103,1.075726,0.55215037
41.975575,-3.999803727,3.0903091,31.958103,1.075726,0.55833608
41.97557667,-3.999803727,3.0903091,31.96895,1.075726,0.55833608
42.0591,-4.000222,3.0887642,31.980953,1.075726,0.56447369
42.142515,-4.000018273,3.0874596,31.99826,1.075726,0.57057822
42.22602333,-4.000759545,3.0860004,32.049778,1.075726,0.5767234
42.3095,-4.000026545,3.0847149,32.049778,1.075726,0.58281428
42.30950167,-4.000026545,3.0847149,32.020653,1.075726,0.58281428
42.39289333,-4.000072091,3.0830879,32.010235,1.075726,0.58894837
42.47638833,-4.000095455,3.0816975,32.010235,1.075726,0.59506613
42.47639,-4.000095455,3.0816975,32.048645,1.075726,0.59506613
42.55976333,-3.999682364,3.0801115,32.048645,1.075726,0.60118318
42.559765,-3.999682364,3.0801115,32.09903,1.075726,0.60118318
42.64321833,-3.999947636,3.0786486,32.093876,1.075726,0.6072731
42.72665167,-3.999421818,3.0770292,32.122238,1.075726,0.61342996
42.81006167,-4.000043455,3.0755749,32.149063,1.075726,0.61952096
42.89342333,-4.000391091,3.0739336,32.149063,1.075726,0.62565142
42.893425,-4.000391091,3.0739336,32.187256,1.075726,0.62565142
42.976925,-4.000044727,3.0723047,32.212536,1.075726,0.63179308
43.06044,-3.999236727,3.0708122,32.197151,1.075726,0.6378935
43.14381833,-3.999672818,3.0690174,32.209335,1.075726,0.64397848
43.22720667,-3.999933727,3.0674677,32.204002,1.075726,0.65009975
43.31069167,-4.000607364,3.0656347,32.235184,1.075726,0.65625155
43.39403833,-3.998686636,3.0639477,32.241276,1.075726,0.66232795
43.47748,-4.000177818,3.0621061,32.294678,1.075726,0.6684615
43.560965,-3.999808091,3.0604095,32.307804,1.075726,0.67461687
43.64446833,-3.999675,3.0585871,32.307804,1.075726,0.68074268
43.64447,-3.999675,3.0585871,32.337818,1.075726,0.68074268
43.72780667,-4.000133182,3.0566244,32.337818,1.075726,0.68682605
43.72780833,-4.000133182,3.0566244,32.391033,1.075726,0.68682605
43.81114167,-4.000009636,3.0546656,32.365768,1.075726,0.69297129
43.89454333,-3.999853545,3.0528631,32.365768,1.075726,0.69905293
43.894545,-3.999853545,3.0528631,32.384766,1.075726,0.69905293
43.977905,-3.999991,3.0507336,32.384766,1.075726,0.70517641
43.97790667,-3.999991,3.0507336,32.403969,1.075726,0.70517641
44.06129333,-4.000241091,3.0486937,32.403969,1.075726,0.71128958
44.061295,-4.000241091,3.0486937,32.427925,1.075726,0.71128958
44.14471167,-3.999980182,3.0467014,32.481495,1.075726,0.71743327
44.22821333,-3.999848364,3.0446386,32.481495,1.075726,0.72347689
44.228215,-3.999848364,3.0446386,32.50161,1.075726,0.72347689
44.31166,-3.999912545,3.0424824,32.543793,1.075726,0.72962528
44.39500833,-3.999518909,3.0400858,32.573059,1.075726,0.73577654
44.47849,-4.000011818,3.0378647,32.624363,1.075726,0.74189579
44.56190667,-4.000150091,3.0354214,32.600994,1.075726,0.74802744
44.64529667,-4.000395455,3.0332155,32.639175,1.075726,0.75414175
44.72880333,-3.999901273,3.0308943,32.639175,1.075726,0.76026636
44.728805,-3.999901273,3.0308943,32.692539,1.075726,0.76026636
44.812205,-4.000156545,3.0284195,32.692539,1.075726,0.76633471
44.89555167,-3.999923364,3.0258713,32.751797,1.075726,0.7724759
44.97905333,-3.999807182,3.0233583,32.76886,1.075726,0.77859378
45.062415,-4.000352091,3.0206385,32.783882,1.075726,0.78471923
45.14590667,-4.000325636,3.01791,32.783882,1.075726,0.79081589
45.14590833,-4.000325636,3.01791,32.817863,1.075726,0.79081589
45.22924333,-3.999876545,3.0152922,32.837051,1.075726,0.79695863
45.31265,-3.999717455,3.0124063,32.897232,1.075726,0.80307841
45.39607333,-3.999876545,3.0095425,32.897232,1.075726,0.80919856
45.396075,-3.999876545,3.0095425,32.908089,1.075726,0.80919856
45.47959333,-3.999563091,3.0062532,32.908089,1.075726,0.81530648
45.479595,-3.999563091,3.0062532,32.971298,1.075726,0.81530648
45.56300833,-4.000161818,3.003314,32.971298,1.075726,0.82140797
45.56301,-4.000161818,3.003314,32.974304,1.075726,0.82140797
45.64643833,-3.999789,3.0001192,32.974304,1.075726,0.82752037
45.64644,-3.999789,3.0001192,32.97604,1.075726,0.82752037
45.72982833,-3.999890455,2.9967222,33.032406,1.075726,0.83367175
45.81328333,-4.000077273,2.9933805,33.050434,1.075726,0.83977926
45.896765,-3.999927273,2.9899473,33.095787,1.075726,0.84589654
45.98019333,-4.000226364,2.9862118,33.12196,1.075726,0.85202044
46.06365167,-3.999728727,2.9825001,33.176025,1.075726,0.85812026
46.14705167,-3.999970636,2.9785366,33.218151,1.075726,0.86423743
46.23045667,-4.000189545,2.9744196,33.256313,1.075726,0.87036419
46.31393333,-3.999691909,2.9701185,33.256313,1.075726,0.87650669
46.313935,-3.999691909,2.9701185,33.260265,1.075726,0.87650669
46.39735,-4.001404545,2.9656229,33.260265,1.075726,0.88261455
46.39735167,-4.001404545,2.9656229,33.344669,1.075726,0.88261455
46.48071333,-3.998082727,2.9609413,33.36861,1.075726,0.88871092
46.56418,-3.999852273,2.9558611,33.36861,1.075726,0.89477813
46.56418167,-3.999852273,2.9558611,33.478779,1.075726,0.89477813
46.64764833,-4.000359455,2.9507704,33.478779,1.075726,0.90092075
46.64765,-4.000359455,2.9507704,33.486923,1.075726,0.90092075
46.731105,-3.999647636,2.9451733,33.486923,1.075726,0.90705276
46.73110667,-3.999647636,2.9451733,33.527706,1.075726,0.90705276
46.81446667,-4.000005727,2.9393854,33.638577,1.075726,0.91319209
46.897875,-4.000174364,2.9329777,33.612064,1.075726,0.91932982
46.98127667,-4.000991909,2.9264259,33.612064,1.075726,0.92542845
46.98127833,-4.000991909,2.9264259,33.671394,1.075726,0.92542845
47.06475667,-4.000271909,2.9192228,33.713291,1.075726,0.9315545
47.14820833,-4.000734,2.9116402,33.713291,1.075726,0.93766373
47.14821,-4.000734,2.9116402,33.707214,1.075726,0.93766373
47.23174333,-4.000141818,2.9033594,33.77491,1.075726,0.94378656
47.31512,-4.000281,2.8944359,33.77491,1.075726,0.94993013
47.31512167,-4.000281,2.8944359,33.826233,1.075726,0.94993013
47.39861667,-3.999872636,2.8845129,33.903526,1.075726,0.95602971
47.47751,-3.999883,2.8744917,33.903526,1.075726,0.9618094
47.47751167,-3.999883,2.8744917,33.932331,1.075726,0.9618094
47.54912667,-3.999949818,2.8644829,33.968342,1.075726,0.96708208
47.615745,-4.000410182,2.8544588,33.968342,1.075726,0.97195637
47.61574667,-4.000410182,2.8544588,34.011158,1.075726,0.97195637
47.67723667,-4.000003545,2.8444319,34.098644,1.075726,0.9764623
47.73416833,-4.000245455,2.8344307,34.096581,1.075726,0.98065495
47.78703667,-3.999955909,2.8244247,34.129528,1.075726,0.98451144
47.836105,-3.999899909,2.8144245,34.152424,1.075726,0.98810989
47.88257667,-4.000200818,2.8044214,34.212631,1.075726,0.99154401
47.92497333,-3.999733091,2.7944155,34.223457,1.075726,0.99462301
47.96646833,-4.000043455,2.7843485,34.2878,1.075726,0.99765819
48.00496167,-4.000410182,2.7743006,34.339676,1.075726,1.000519
48.04161833,-3.999872636,2.7642117,34.339676,1.075726,1.0031689
48.04162,-3.999872636,2.7642117,34.393795,1.075726,1.0031689
48.07568333,-3.999872636,2.7541561,34.411804,1.075726,1.0057052
48.10872667,-4.000489091,2.7441263,34.411804,1.075726,1.0081254
48.13949833,-4.000105,2.7340851,34.413685,1.075726,1.0103735
48.16898167,-3.999965364,2.7240772,34.413685,1.075726,1.0125471
48.16898333,-3.999965364,2.7240772,34.485764,1.075726,1.0125471
48.19693,-3.999996182,2.7140007,34.485764,1.075726,1.0145572
48.223555,-3.999864,2.7039719,34.485764,1.075726,1.0165286
48.22355667,-3.999864,2.7039719,34.533653,1.075726,1.0165286
48.24919667,-3.999056364,2.6938953,34.533653,1.075726,1.0184294
48.27338167,-4.000222909,2.6838865,34.533653,1.075726,1.0201882
48.27338333,-4.000222909,2.6838865,34.529499,1.075726,1.0201882
48.29699833,-3.999744727,2.6738844,34.529499,1.075726,1.0219026
48.31884167,-3.998865182,2.6637945,34.585686,1.075726,1.0235316
48.34035667,-4.000127091,2.6537695,34.585686,1.075726,1.0250912
48.36101833,-3.9993,2.6436796,34.592323,1.075726,1.0266038
48.38070667,-3.999647636,2.6333933,34.592323,1.075726,1.0280609
48.39981333,-4.000200818,2.6231928,34.592323,1.075726,1.0294621
48.41809167,-3.999972818,2.6130571,34.635269,1.075726,1.0307919
48.43553333,-3.999795455,2.6027832,34.635269,1.075726,1.0320857
48.45215333,-3.999347727,2.5927773,34.699585,1.075726,1.0332783
48.46804,-3.999982273,2.5827141,34.699585,1.075726,1.0344576
48.48344167,-4.000441818,2.572566,34.699585,1.075726,1.0355546
48.49812333,-4.000006545,2.5625534,34.699585,1.075726,1.0366549
48.51215,-3.999940273,2.5525312,34.699585,1.075726,1.0376482
48.51215167,-3.999940273,2.5525312,34.764473,1.075726,1.0376482
48.52557667,-3.999698364,2.5424891,34.764473,1.075726,1.0376482
48.538655,-3.999688818,2.532321,34.764473,1.075726,1.039589
48.55118,-3.999931636,2.5222883,34.821541,1.075726,1.0405524
48.56320333,-3.999887364,2.5121899,34.821541,1.075726,1.041404
48.57487667,-4.000195545,2.5020409,34.821541,1.075726,1.041404
48.58592333,-3.999919,2.49193,34.821541,1.075726,1.043123
48.59647,-4.000180818,2.4819012,34.821541,1.075726,1.0438906
48.59647167,-4.000180818,2.4819012,34.843681,1.075726,1.0438906
48.60687167,-4.000130091,2.4717922,34.843681,1.075726,1.0438906
48.61665667,-4.000194727,2.4616356,34.843681,1.075726,1.0453475
48.62620333,-3.999717455,2.4515247,34.843681,1.075726,1.0453475
48.63528667,-4.000131455,2.4413395,34.843681,1.075726,1.046695
48.64388833,-3.999824091,2.4312668,34.872429,1.075726,1.046695
48.65237833,-4.000377182,2.4210339,34.872429,1.075726,1.0479906
48.66039167,-3.999693182,2.4110174,34.872429,1.075726,1.0479906
48.66820667,-4.000118455,2.4006653,34.872429,1.075726,1.0491394
48.675485,-3.999888273,2.3904886,34.872429,1.075726,1.0491394
48.68271333,-3.999847091,2.3802757,34.872429,1.075726,1.0502179
48.68946,-4.000614818,2.3701696,34.940289,1.075726,1.0502179
48.696035,-4.000584455,2.3598776,34.940289,1.075726,1.0511763
48.70232833,-3.999860909,2.3497,34.940289,1.075726,1.0511763
48.70818,-4.000519818,2.339654,34.940289,1.075726,1.0511763
48.71397333,-4.000033909,2.3295355,34.940289,1.075726,1.0525016
48.71932667,-3.999685818,2.3194294,34.940289,1.075726,1.0525016
48.72468833,-4.000461727,2.3092098,34.940289,1.075726,1.0525016
48.72986167,-3.999960182,2.2987995,34.940289,1.075726,1.053648
48.734635,-4.000113182,2.2887897,34.940289,1.075726,1.053648
48.73928667,-4.000060364,2.2785673,34.940289,1.075726,1.053648
48.73928833,-4.000060364,2.2785673,34.996433,1.075726,1.053648
48.7437,-3.999908636,2.2685642,34.996433,1.075726,1.053648
48.74805167,-4.000144909,2.2584085,34.996433,1.075726,1.0549924
48.75200833,-3.999888273,2.2483749,34.996433,1.075726,1.0549924
48.75588833,-3.999992727,2.2382345,34.996433,1.075726,1.0549924
48.759715,-4.000406727,2.227932,34.996433,1.075726,1.0549924
48.76322167,-3.999121818,2.2178946,34.996433,1.075726,1.0561219
48.766895,-3.999860909,2.2072697,34.996433,1.075726,1.0561219
48.770185,-4.000204273,2.1971188,34.996433,1.075726,1.0561219
48.77331667,-4.000164818,2.1870279,34.996433,1.075726,1.0561219
48.776395,-3.999984455,2.1766195,34.996433,1.075726,1.0561219
48.77947667,-4.000009636,2.1662178,34.996433,1.075726,1.0572541
48.78234833,-3.999964545,2.1557989,34.996433,1.075726,1.0572541
48.78506167,-3.999964545,2.1454945,35.027081,1.075726,1.0572541
48.78782167,-4.000081545,2.1346512,35.027081,1.075726,1.0572541
48.79036833,-4.000071182,2.1242075,35.027081,1.075726,1.0572541
48.792905,-3.999921182,2.1137838,35.027081,1.075726,1.0572541
48.79525,-4.000241091,2.1035671,35.027081,1.075726,1.0584254
48.79756833,-4.000230727,2.0927954,35.027081,1.075726,1.0584254
48.79974333,-4.000072091,2.0827732,35.027081,1.075726,1.0584254
48.80193,-4.000044727,2.0720005,35.027081,1.075726,1.0584254
48.80391667,-4.000118455,2.0616608,35.027081,1.075726,1.0584254
48.80586667,-3.999935909,2.0516567,35.027081,1.075726,1.0584254
48.80787667,-3.999813273,2.0409374,35.027081,1.075726,1.0584254
48.80975667,-4.000183,2.0308628,35.027081,1.075726,1.0584254
48.81150167,-3.999792455,2.0206861,35.027081,1.075726,1.0596437
48.81333,-4.000228545,2.0100365,35.027081,1.075726,1.0596437
48.81587833,-3.999945455,2.0297985,35.027081,1.075726,1.0596437
48.81622167,-3.999505,2.0189428,35.027081,1.075726,1.0596437
48.81676833,-3.999720455,2.0074835,35.027081,1.075726,1.0596437
48.81793,-3.985042545,1.9973831,35.027081,1.075726,1.0596437
48.901315,-1.749117182,1.999567,35.118961,1.075726,1.0640434
48.984775,-0.922136273,1.9996567,35.259136,1.075726,1.0660126
49.06812333,-0.539875027,1.9996138,35.259136,1.075726,1.0670835
49.068125,-0.539875027,1.9996138,35.311852,1.075726,1.0670835
49.15149833,-0.3770256,1.9996099,35.361721,1.075726,1.067768
49.23496667,-0.2976877,1.9997711,35.361721,1.075726,1.0682775
49.23496833,-0.2976877,1.9997711,35.369476,1.075726,1.0682775
49.31838333,-0.251265436,2.0002155,35.369476,1.075726,1.068693
49.318385,-0.251265436,2.0002155,35.424797,1.075726,1.068693
49.40176,-0.221652982,1.9997339,35.420834,1.075726,1.0690528
49.48513667,-0.198411945,2.0000114,35.419895,1.075726,1.0693721
49.56859,-0.180821855,2.0000629,35.389091,1.075726,1.0696616
49.65194833,-0.168043482,1.9999886,35.389091,1.075726,1.0699273
49.65195,-0.168043482,1.9999886,35.350159,1.075726,1.0699273
49.73534,-0.156390455,2.0002451,35.271214,1.075726,1.0701768
49.81868833,-0.1484264,1.999733,35.245304,1.075726,1.0704086
49.90210167,-0.140621882,1.9997396,35.116467,1.075726,1.0706248
49.98553167,-0.1324749,1.999814,35.04163,1.075726,1.0708356
50.06901667,-0.126705173,1.9996786,34.994911,1.075726,1.0710343
50.15241,-0.1207239,2.0002127,34.994911,1.075726,1.0712208
50.15241167,-0.1207239,2.0002127,34.919666,1.075726,1.0712208
50.23582833,-0.115471755,2.0002594,34.82893,1.075726,1.0714046
50.31925167,-0.111063173,1.9998999,34.82893,1.075726,1.0715766
50.31925333,-0.111063173,1.9998999,34.676857,1.075726,1.0715766
50.402605,-0.107254545,1.9998617,34.676857,1.075726,1.071743
50.40260667,-0.107254545,1.9998617,34.632988,1.075726,1.071743
50.486,-0.1039427,1.9996777,34.548779,1.075726,1.0719059
50.56936167,-0.100250245,1.9999847,34.548779,1.075726,1.0720612
50.56936333,-0.100250245,1.9999847,34.448875,1.075726,1.0720612
50.65280167,-0.096618482,2.0001001,34.448875,1.075726,1.0722114
50.65280333,-0.096618482,2.0001001,34.349106,1.075726,1.0722114
50.73613833,-0.093800809,2.0002384,34.349106,1.075726,1.0723592
50.73614,-0.093800809,2.0002384,34.235737,1.075726,1.0723592
50.819545,-0.092025236,1.9996376,34.146542,1.075726,1.0725
50.90290667,-0.088133378,2.0001812,34.125706,1.075726,1.0726371
50.98630667,-0.085066882,2.0002203,34.125706,1.075726,1.0727699
50.98630833,-0.085066882,2.0002203,34.007362,1.075726,1.0727699
51.06967667,-0.084069859,1.9997463,34.007362,1.075726,1.0728993
51.06967833,-0.084069859,1.9997463,33.870033,1.075726,1.0728993
51.15306333,-0.080420755,1.9997311,33.816551,1.075726,1.0730251
51.23647833,-0.077972412,2.0003433,33.768051,1.075726,1.0731453
51.319965,-0.07614049,2.0001059,33.768051,1.075726,1.073263
51.31996667,-0.07614049,2.0001059,33.654934,1.075726,1.073263
51.40334333,-0.073465001,2.0004044,33.654934,1.075726,1.0733793
51.403345,-0.073465001,2.0004044,33.55558,1.075726,1.0733793
51.48678333,-0.071683364,2.0002575,33.55558,1.075726,1.0734904
51.486785,-0.071683364,2.0002575,33.45129,1.075726,1.0734904
51.57019833,-0.069964149,2.0000858,33.436497,1.075726,1.0735993
51.65354833,-0.0679623,2.0001268,33.312073,1.075726,1.0737054
51.73698167,-0.066960075,1.9997091,33.312073,1.075726,1.0738083
51.73698333,-0.066960075,1.9997091,33.249081,1.075726,1.0738083
51.82032333,-0.064190085,2.0003834,33.249081,1.075726,1.073909
51.820325,-0.064190085,2.0003834,33.154812,1.075726,1.073909
51.903755,-0.063388131,2.0001507,33.124817,1.075726,1.0740064
51.98713,-0.061880458,2.0000114,33.042473,1.075726,1.0741031
52.07049333,-0.059485002,2.0000219,33.042473,1.075726,1.0741951
52.070495,-0.059485002,2.0000219,32.990269,1.075726,1.0741951
52.15393333,-0.058298111,2.0002174,32.904259,1.075726,1.0742866
52.23727,-0.05739212,1.9998121,32.85091,1.075726,1.0743749
52.32067167,-0.055282766,2.0001945,32.775703,1.075726,1.0744612
52.404125,-0.054303949,1.9999418,32.775703,1.075726,1.0745449
52.40412667,-0.054303949,1.9999418,32.704346,1.075726,1.0745449
52.48756833,-0.052113966,2.0003204,32.620007,1.075726,1.074626
52.570955,-0.050746745,2.0002747,32.620007,1.075726,1.0747068
52.57095667,-0.050746745,2.0002747,32.520447,1.075726,1.0747068
52.65443667,-0.049280686,2.0004225,32.520447,1.075726,1.074784
52.65443833,-0.049280686,2.0004225,32.533745,1.075726,1.074784
52.73777333,-0.048066919,1.9999208,32.533745,1.075726,1.0748584
52.737775,-0.048066919,1.9999208,32.43626,1.075726,1.0748584
52.82120667,-0.047425356,1.999608,32.361778,1.075726,1.0749308
52.9046,-0.045270053,2.0001392,32.349998,1.075726,1.0750014
52.98805333,-0.044160323,2.000186,32.287285,1.075726,1.0750704
53.07141333,-0.043094808,1.9999313,32.213139,1.075726,1.075137
53.154815,-0.040657737,2.0003071,32.213139,1.075726,1.0752009
53.15481667,-0.040657737,2.0003071,32.147541,1.075726,1.0752009
53.23816167,-0.040001435,1.9997339,32.147541,1.075726,1.0752631
53.23816333,-0.040001435,1.9997339,32.083275,1.075726,1.0752631
53.32164167,-0.038522374,2.0002136,32.083275,1.075726,1.0753237
53.405075,-0.037378831,1.9999886,32.083275,1.075726,1.0753815
53.40507667,-0.037378831,1.9999886,32.025093,1.075726,1.0753815
53.48848333,-0.036146857,1.9997435,31.946526,1.075726,1.0754379
53.57187167,-0.03388925,2.0004158,31.946526,1.075726,1.0754919
53.57187333,-0.03388925,2.0004158,31.882233,1.075726,1.0754919
53.65523667,-0.033537258,2.0002317,31.871174,1.075726,1.075544
53.73866333,-0.032539367,1.9997606,31.753418,1.075726,1.0755941
53.82209333,-0.030873905,1.9998388,31.784992,1.075726,1.0756422
53.90545333,-0.030526248,1.9997177,31.784992,1.075726,1.0756887
53.905455,-0.030526248,1.9997177,31.669865,1.075726,1.0756887
53.98883,-0.02884518,1.9997673,31.68928,1.075726,1.0757332
54.07216667,-0.027306296,2.0003996,31.620567,1.075726,1.0757766
54.15558167,-0.026013635,2.0001373,31.572237,1.075726,1.0758182
54.23905,-0.025330457,2.0004215,31.488655,1.075726,1.0758581
54.32247833,-0.025152726,1.999733,31.422028,1.075726,1.0758965
54.35655333,-0.025105043,1.9997101,31.422028,1.075726,1.0759121
54.357565,-0.025105043,2.0015039,31.422028,1.075726,1.0759126
54.36693833,-0.025105043,2.0115728,31.422028,1.075726,1.0759126
54.37434167,0,2.0189466,31.422028,1.075726,1.0759126
